{
    "records":[
        {
            "ID":"11",
            "Thumb":"space-thumb.jpg",
            "Content":"space.jpg",
            "Label":"Outer Space"
        },{
            "ID":"4",
            "Thumb":"reading-thumb.jpg",
            "Content":"reading.jpg",
            "Label":"A guy taking some time to read"
        },{
            "ID":"3",
            "Thumb":"mist-thumb.jpg",
            "Content":"mist.jpg",
            "Label":"A misty scene"
        },{
            "ID":"2",
            "Thumb":"landscape-thumb.jpg",
            "Content":"landscape.jpg",
            "Label":"Moody sky, lighting the landscape"
        },{
            "ID":"1",
            "Thumb":"flower-thumb.jpg",
            "Content":"flower.jpg",
            "Label":"A beautiful flower"
        }
    ]
}